City_ID,City,Country,Lat,Lng,Max Temp,Humidity,Cloudiness,Wind Speed,Current Description
0,Mbandaka,CD,0.0487,18.2603,70.52,97,100,1.28,light rain
1,Kodiak,US,57.79,-152.4072,63.91,25,0,10.36,clear sky
2,Mirnyy,RU,62.5353,113.9611,55.24,81,61,13.0,broken clouds
3,Dikson,RU,73.5069,80.5464,30.85,95,97,15.28,overcast clouds
4,Aguimes,ES,27.9054,-15.4461,66.83,73,20,18.41,few clouds
5,Saint-Ambroise,CA,48.5501,-71.3324,44.89,75,7,2.91,clear sky
6,Aklavik,CA,68.2191,-135.0107,33.69,88,100,11.83,overcast clouds
7,Busselton,AU,-33.65,115.3333,64.31,79,72,7.7,broken clouds
8,Hilo,US,19.7297,-155.09,91.27,77,20,12.66,few clouds
9,Hermanus,ZA,-34.4187,19.2345,56.8,72,96,17.83,overcast clouds
10,Norman Wells,CA,65.282,-126.8329,39.13,96,100,7.34,light rain
11,Frome,GB,51.2283,-2.3221,55.99,96,82,4.5,broken clouds
12,Rikitea,PF,-23.1203,-134.9692,76.84,76,100,15.21,light rain
13,Sitka,US,57.0531,-135.33,57.09,44,0,4.61,clear sky
14,Klaksvik,FO,62.2266,-6.589,47.32,88,88,21.34,overcast clouds
15,Kaitangata,NZ,-46.2817,169.8464,55.44,65,100,9.37,overcast clouds
16,Bluff,NZ,-46.6,168.3333,52.81,66,21,22.1,few clouds
17,Muros,ES,42.7762,-9.0603,54.09,93,98,3.13,overcast clouds
18,Mount Isa,AU,-20.7333,139.5,78.57,44,2,10.36,clear sky
19,Beroroha,MG,-21.6667,45.1667,62.83,84,0,3.96,clear sky
20,Pacocha,PE,-17.5833,-71.3333,64.54,77,0,0.0,clear sky
21,Nikolskoye,RU,59.7035,30.7861,44.8,95,96,3.42,light rain
22,New Norfolk,AU,-42.7826,147.0587,55.92,66,100,5.01,overcast clouds
23,Pacific Grove,US,36.6177,-121.9166,75.54,66,0,10.0,clear sky
24,Sovetskiy,RU,61.3614,63.5842,44.13,90,100,5.44,overcast clouds
25,Clyde River,CA,70.4692,-68.5914,18.95,94,6,5.19,clear sky
26,Diego De Almagro,CL,-26.3667,-70.05,55.56,49,16,2.93,few clouds
27,Georgetown,MY,5.4112,100.3354,84.13,84,20,2.3,few clouds
28,Pangody,RU,65.85,74.4859,43.83,74,100,15.48,overcast clouds
29,Hauterive,FR,46.0901,3.4459,70.56,85,97,5.66,overcast clouds
30,Los Llanos De Aridane,ES,28.6585,-17.9182,64.15,86,0,5.75,clear sky
31,Moche,PE,-8.1711,-79.0092,64.58,82,20,9.22,fog
32,Nemuro,JP,43.3236,145.575,48.87,86,35,14.5,scattered clouds
33,Jamestown,US,42.097,-79.2353,51.39,92,100,9.22,light rain
34,Ushuaia,AR,-54.8,-68.3,40.66,81,75,0.0,broken clouds
35,Yellowknife,CA,62.456,-114.3525,51.57,23,0,15.99,clear sky
36,Tasiilaq,GL,65.6145,-37.6368,33.96,94,100,6.8,overcast clouds
37,Lompoc,US,34.6391,-120.4579,84.02,63,0,10.36,clear sky
38,Narsaq,GL,60.9167,-46.05,41.22,83,17,2.48,few clouds
39,Kapaa,US,22.0752,-159.319,75.18,94,100,21.85,heavy intensity rain
40,Barrow,US,71.2906,-156.7887,19.42,86,100,19.57,overcast clouds
41,Atuona,PF,-9.8,-139.0333,78.46,69,59,13.8,broken clouds
42,Chuy,UY,-33.6971,-53.4616,55.94,81,100,11.43,overcast clouds
43,Makakilo City,US,21.3469,-158.0858,77.32,83,100,11.5,light rain
44,Victoria,HK,22.2855,114.1577,80.96,61,98,8.01,overcast clouds
45,La Ronge,CA,55.1001,-105.2842,46.87,58,100,5.61,overcast clouds
46,Ilulissat,GL,69.2167,-51.1,30.22,86,6,0.0,clear sky
47,Eureka,US,40.8021,-124.1637,66.18,73,94,9.06,overcast clouds
48,Puerto Ayora,EC,-0.7393,-90.3518,73.54,96,99,5.86,overcast clouds
49,Torbay,CA,47.6666,-52.7314,48.88,86,63,9.13,broken clouds
50,Upernavik,GL,72.7868,-56.1549,19.99,97,7,7.02,clear sky
51,Sambava,MG,-14.2667,50.1667,71.8,78,99,11.52,light rain
52,Bilibino,RU,68.0546,166.4372,36.25,100,100,1.19,light rain
53,Koumac,NC,-20.5667,164.2833,81.37,67,29,5.61,scattered clouds
54,Viedma,AR,-40.8135,-62.9967,44.44,61,95,10.98,overcast clouds
55,Ponta Do Sol,PT,32.6667,-17.1,68.72,80,81,3.47,broken clouds
56,Punta Arenas,CL,-53.15,-70.9167,41.11,93,19,4.52,few clouds
57,Buraydah,SA,26.326,43.975,83.05,16,0,4.07,clear sky
58,Shimoda,JP,34.6667,138.95,73.11,62,13,1.86,few clouds
59,Portland,US,45.5234,-122.6762,62.53,56,75,16.11,broken clouds
60,Lashio,MM,22.9333,97.75,72.14,90,49,0.76,scattered clouds
61,Sola,VU,-13.8833,167.55,81.81,68,2,2.04,clear sky
62,Hasaki,JP,35.7333,140.8333,75.29,55,0,6.26,clear sky
63,Marawi,PH,7.9986,124.2928,78.57,75,89,2.77,overcast clouds
64,Mehamn,NO,71.0357,27.8492,33.71,79,100,14.7,overcast clouds
65,Guarapari,BR,-20.6667,-40.4975,63.5,44,0,14.54,clear sky
66,Cape Town,ZA,-33.9258,18.4232,57.11,92,3,11.16,clear sky
67,Ribeira Grande,PT,38.5167,-28.7,58.82,82,100,27.78,overcast clouds
68,Lagoa,PT,39.05,-27.9833,57.88,90,100,32.06,overcast clouds
69,Albany,US,42.6001,-73.9662,56.57,56,99,3.18,overcast clouds
70,Katima Mulilo,NA,-17.5,24.2667,60.62,64,12,4.92,few clouds
71,Massakory,TD,12.996,15.7293,87.35,40,100,4.79,overcast clouds
72,Sturgis,US,41.7992,-85.4192,60.46,90,100,0.0,mist
73,Ankazobe,MG,-18.3167,47.1167,55.24,89,49,5.97,scattered clouds
74,Avera,US,33.194,-82.5271,80.11,45,0,7.49,clear sky
75,Vaini,TO,-21.2,-175.2,80.76,74,40,8.05,scattered clouds
76,Aquiraz,BR,-3.9014,-38.3911,78.89,86,51,4.34,broken clouds
77,Mataura,NZ,-46.1927,168.8643,52.48,62,3,12.55,clear sky
78,Hithadhoo,MV,-0.6,73.0833,83.19,74,100,13.6,overcast clouds
79,Te Anau,NZ,-45.4167,167.7167,48.74,81,100,12.3,overcast clouds
80,Dingle,PH,10.9995,122.6711,84.63,74,59,8.95,broken clouds
81,Paamiut,GL,61.994,-49.6678,34.65,80,5,2.75,clear sky
82,East London,ZA,-33.0153,27.9116,76.26,36,6,13.67,clear sky
83,Rangia,IN,26.4667,91.6333,75.15,90,56,9.42,broken clouds
84,Roald,NO,62.5833,6.1333,52.72,87,51,3.44,broken clouds
85,Cockburn Town,TC,21.4612,-71.1419,79.88,87,77,13.76,broken clouds
86,Hobart,AU,-42.8794,147.3294,56.26,63,75,12.66,broken clouds
87,Old Town,CZ,50.087,14.4202,55.29,67,8,7.0,clear sky
88,Bowen,AU,-20.0167,148.2333,77.76,70,14,11.92,few clouds
89,Karratha,AU,-20.7377,116.8463,75.49,71,3,9.35,clear sky
90,Svetlaya,RU,46.5389,138.3297,57.02,44,12,12.55,few clouds
91,Qaanaaq,GL,77.484,-69.3632,27.34,87,99,5.06,overcast clouds
92,Carnarvon,AU,-24.8667,113.6333,70.27,64,53,10.07,broken clouds
93,Bredasdorp,ZA,-34.5322,20.0403,58.3,73,100,14.41,light rain
94,Darnah,LY,32.767,22.6367,65.82,87,5,14.7,clear sky
95,Thaba-Tseka,LS,-29.522,28.6084,40.57,82,7,3.78,clear sky
96,Marsh Harbour,BS,26.5412,-77.0636,78.91,76,4,10.74,clear sky
97,Manitouwadge,CA,49.1215,-85.8403,41.61,97,100,4.41,overcast clouds
98,Severo-Kurilsk,RU,50.6789,156.125,48.16,80,100,5.99,overcast clouds
99,Sucua,EC,-2.4667,-78.1667,66.58,100,100,1.57,overcast clouds
100,Bethel,US,41.3712,-73.414,61.86,52,100,1.48,overcast clouds
101,Kruisfontein,ZA,-34.0033,24.7314,59.88,79,100,6.91,overcast clouds
102,Yar-Sale,RU,66.8333,70.8333,33.12,77,73,16.62,broken clouds
103,Gamba,GA,-2.65,10.0,77.67,85,100,8.14,overcast clouds
104,Kahului,US,20.8947,-156.47,82.42,66,20,6.91,few clouds
105,Chalus,IR,36.655,51.4204,64.2,76,4,3.22,clear sky
106,Hamilton,US,39.1834,-84.5333,64.78,95,100,3.44,mist
107,Haines Junction,CA,60.7522,-137.5108,50.67,40,91,6.69,overcast clouds
108,Xining,CN,36.6167,101.7667,55.24,55,100,2.44,overcast clouds
109,Goderich,CA,43.7501,-81.7165,49.91,94,100,10.09,overcast clouds
110,Bakchar,RU,57.0186,82.0711,56.75,74,100,5.93,light rain
111,Okahandja,NA,-21.9833,16.9167,53.69,43,4,6.26,clear sky
112,Tuktoyaktuk,CA,69.4541,-133.0374,32.22,92,100,10.89,overcast clouds
113,Geraldton,AU,-28.7667,114.6,64.81,88,75,9.22,light intensity drizzle
114,Tuatapere,NZ,-46.1333,167.6833,52.72,71,83,15.39,light rain
115,Port Alfred,ZA,-33.5906,26.891,62.19,74,91,8.21,overcast clouds
116,Tazovskiy,RU,67.4667,78.7,34.41,74,36,4.65,scattered clouds
117,Pozo Colorado,PY,-23.4923,-58.7972,48.11,63,99,4.68,overcast clouds
118,Brookline,US,42.3318,-71.1212,63.19,42,100,1.01,overcast clouds
119,Saint George,US,37.1041,-113.5841,95.95,11,0,13.8,clear sky
120,Faanui,PF,-16.4833,-151.75,80.2,74,100,6.98,light rain
121,Bara,NG,10.3744,10.7288,84.11,57,98,3.51,overcast clouds
122,Seoul,KR,37.5683,126.9778,70.99,46,100,8.03,overcast clouds
123,Longyearbyen,SJ,78.2186,15.6401,28.24,74,75,8.05,light snow
124,Asau,RO,46.4333,26.4,49.95,70,87,4.25,overcast clouds
125,Cabedelo,BR,-6.9811,-34.8339,75.87,81,17,6.33,few clouds
126,Mahebourg,MU,-20.4081,57.7,73.69,73,20,8.05,few clouds
127,Alta Floresta,BR,-9.8756,-56.0861,63.18,55,90,4.74,overcast clouds
128,Boz,FR,46.4071,4.9109,71.4,87,90,5.55,overcast clouds
129,Rio Gallegos,AR,-51.6226,-69.2181,37.45,93,0,2.3,clear sky
130,Mar Del Plata,AR,-38.0023,-57.5575,48.22,75,100,4.61,overcast clouds
131,Amnat Charoen,TH,15.9167,104.75,79.93,79,18,6.85,light rain
132,Gallup,US,35.5281,-108.7426,80.44,11,0,11.5,clear sky
133,Sanandaj,IR,35.3144,46.9923,55.22,42,0,2.68,clear sky
134,Anloga,GH,5.7947,0.8973,81.5,86,64,14.52,broken clouds
135,Husavik,IS,66.0449,-17.3389,41.49,97,100,6.06,overcast clouds
136,Cabo San Lucas,MX,22.8909,-109.9124,87.1,56,20,9.22,few clouds
137,Iqaluit,CA,63.7506,-68.5145,25.7,86,100,8.01,overcast clouds
138,Ahipara,NZ,-35.1667,173.1667,65.88,94,100,16.44,moderate rain
139,Paita,PE,-5.0892,-81.1144,67.69,81,94,12.59,overcast clouds
140,Port Elizabeth,ZA,-33.918,25.5701,68.31,70,100,7.0,overcast clouds
141,Talnakh,RU,69.4865,88.3972,31.21,92,100,6.98,light snow
142,Inongo,CD,-1.95,18.2667,70.59,96,95,1.86,light rain
143,Castro,BR,-24.7911,-50.0119,43.88,89,100,11.88,overcast clouds
144,Bandarbeyla,SO,9.4942,50.8122,82.27,68,92,19.3,overcast clouds
145,Port Macquarie,AU,-31.4333,152.9167,65.89,48,19,7.47,few clouds
146,Arraial Do Cabo,BR,-22.9661,-42.0278,65.91,58,3,16.44,clear sky
147,Ust-Maya,RU,60.4167,134.5333,48.88,60,94,5.26,overcast clouds
148,Quatre Cocos,MU,-20.2078,57.7625,73.51,73,29,15.68,scattered clouds
149,Salalah,OM,17.0151,54.0924,80.69,83,20,2.3,few clouds
150,Leningradskiy,RU,69.3833,178.4167,34.7,99,100,1.79,overcast clouds
151,Pevek,RU,69.7008,170.3133,32.14,99,100,2.75,light snow
152,Gat,IL,31.61,34.7642,68.4,81,0,2.06,clear sky
153,Butaritari,KI,3.0707,172.7902,81.66,72,100,12.46,overcast clouds
154,Bontang,ID,0.1333,117.5,79.38,87,100,0.76,overcast clouds
155,Biak,ID,-0.9131,122.8766,77.59,87,100,4.74,overcast clouds
156,Esperance,AU,-33.8667,121.9,61.38,79,65,10.4,broken clouds
157,Airai,TL,-8.9266,125.4092,69.85,67,100,4.05,overcast clouds
158,Suntar,RU,62.1444,117.6319,43.7,96,100,8.05,heavy intensity rain
159,Chino Valley,US,34.7575,-112.4538,85.51,11,0,11.5,clear sky
160,Inirida,CO,3.8653,-67.9239,72.55,99,100,1.92,overcast clouds
161,Nampa,US,43.5407,-116.5635,77.11,30,20,8.05,few clouds
162,Sur,OM,22.5667,59.5289,86.49,40,0,10.42,clear sky
163,Ancud,CL,-41.8697,-73.8203,48.88,89,100,4.0,overcast clouds
164,Carberry,CA,49.8689,-99.3602,45.52,93,100,5.84,overcast clouds
165,Tual,ID,-5.6667,132.75,82.99,75,63,12.08,broken clouds
166,Itarema,BR,-2.9248,-39.9167,78.8,89,100,7.96,overcast clouds
167,Saint-Philippe,RE,-21.3585,55.7679,67.59,75,34,9.86,scattered clouds
168,Avarua,CK,-21.2078,-159.775,78.37,77,27,12.95,scattered clouds
169,Sisimiut,GL,66.9395,-53.6735,37.47,60,0,8.88,clear sky
170,Carauari,BR,-4.8828,-66.8958,70.09,86,100,2.75,overcast clouds
171,Meulaboh,ID,4.1363,96.1285,78.87,81,100,2.82,overcast clouds
172,Dalby,AU,-27.1833,151.2667,68.94,62,70,7.74,broken clouds
173,Pelotas,BR,-31.7719,-52.3425,54.86,96,100,5.99,overcast clouds
174,Plouzane,FR,48.3833,-4.6167,53.92,97,0,5.75,clear sky
175,College,US,64.8569,-147.8028,62.58,35,75,5.75,broken clouds
176,Antsohihy,MG,-14.8796,47.9875,69.93,66,10,9.84,clear sky
177,Bengkulu,ID,-3.8004,102.2655,78.94,79,51,3.04,broken clouds
178,Gazli,UZ,40.1333,63.45,71.29,25,0,17.38,clear sky
179,Vigrestad,NO,58.5667,5.7,49.96,92,100,5.01,overcast clouds
180,Zhuzhou,CN,27.8333,113.15,63.5,89,100,5.1,overcast clouds
181,Ciudad Bolivar,VE,8.1222,-63.5497,84.07,55,100,10.67,overcast clouds
182,Chokurdakh,RU,70.6333,147.9167,30.97,92,100,6.67,overcast clouds
183,Martapura,ID,-3.4167,114.85,82.49,78,20,10.36,few clouds
184,Gushikawa,JP,26.3544,127.8686,78.39,69,75,17.27,broken clouds
185,Buribay,RU,51.9617,58.1592,44.17,90,95,16.35,overcast clouds
186,Mpophomeni,ZA,-29.5682,30.1862,50.63,70,2,5.7,clear sky
187,Mayo,US,38.8876,-76.5119,67.3,73,0,10.36,clear sky
188,Syracuse,IT,37.0881,15.2792,63.32,60,0,6.24,clear sky
189,Morong,PH,14.5115,121.2393,87.15,79,100,8.61,overcast clouds
190,Broken Hill,AU,-31.95,141.4333,54.99,53,100,9.8,light rain
191,Mitu,CO,1.1983,-70.1733,70.09,99,100,3.42,overcast clouds
192,Baghdad,IQ,33.3406,44.4009,76.91,27,0,4.61,clear sky
193,Arroyo,ES,41.6096,-4.7969,62.15,72,0,4.61,clear sky
194,Joao Pinheiro,BR,-17.7425,-46.1725,47.8,57,70,5.75,broken clouds
195,Nouadhibou,MR,20.931,-17.0347,66.69,80,7,22.1,clear sky
196,Rozhyshche,UA,50.9154,25.2691,42.13,86,0,5.59,clear sky
197,Rawson,AR,-43.3002,-65.1023,53.22,32,100,15.12,overcast clouds
198,Vao,NC,-22.6667,167.4833,75.43,81,3,17.05,clear sky
199,Midland,US,31.9974,-102.0779,97.48,6,0,8.05,clear sky
200,Akhtubinsk,RU,48.2795,46.1722,52.97,94,100,3.0,light rain
201,Pamanukan,ID,-6.2842,107.8106,81.16,79,85,2.71,overcast clouds
202,Porto Novo,BJ,6.4965,2.6036,80.47,85,98,9.04,overcast clouds
203,Constitucion,CL,-35.3333,-72.4167,51.58,89,100,8.99,overcast clouds
204,Souillac,MU,-20.5167,57.5167,73.78,73,20,8.05,few clouds
205,Sahuaripa,MX,29.05,-109.2333,94.06,10,0,14.97,clear sky
206,Flin Flon,CA,54.7682,-101.865,54.37,41,99,4.0,overcast clouds
207,Faya,SA,18.3851,42.4509,61.32,23,10,6.64,clear sky
208,Christchurch,NZ,-43.5333,172.6333,65.41,68,56,13.8,broken clouds
209,Saskylakh,RU,71.9167,114.0833,22.82,92,14,10.6,few clouds
210,Pokhara,NP,28.2333,83.9833,76.62,43,6,3.69,clear sky
211,Doha,QA,25.2867,51.5333,91.38,32,0,14.97,clear sky
212,Gayeri,BF,12.6497,0.4931,91.94,29,99,2.15,overcast clouds
213,Tari,NG,12.4086,4.4914,91.0,27,1,2.17,clear sky
214,Aripuana,BR,-9.1667,-60.6333,63.3,69,42,2.46,scattered clouds
215,San Cristobal,VE,7.7669,-72.225,68.18,95,100,3.67,overcast clouds
216,Ovre Ardal,NO,61.3167,7.8,43.16,90,99,1.59,overcast clouds
217,Teguldet,RU,57.3064,88.1667,62.46,57,100,6.08,overcast clouds
218,Coihaique,CL,-45.5752,-72.0662,29.01,100,0,0.0,clear sky
219,Thompson,CA,55.7435,-97.8558,47.46,33,46,8.46,scattered clouds
220,Kaduy,RU,59.2,37.15,38.62,91,100,3.98,overcast clouds
221,Gasa,PS,31.5,34.4667,65.17,86,0,2.66,clear sky
222,Qurayyat,SA,31.3318,37.3428,68.36,38,0,8.77,clear sky
223,San Patricio,US,28.017,-97.5169,83.17,67,73,16.73,broken clouds
224,Kokstad,ZA,-30.5472,29.4241,49.53,71,14,5.41,few clouds
225,Luebo,CD,-5.35,21.4167,69.96,82,86,1.43,overcast clouds
226,Kloulklubed,PW,7.0419,134.2556,72.1,81,100,14.12,moderate rain
227,San Quintin,MX,30.4833,-115.95,62.15,69,1,7.96,clear sky
228,Stephenville,US,32.2207,-98.2023,93.99,29,0,13.8,clear sky
229,Port Moresby,PG,-9.4431,147.1797,84.6,67,28,9.35,scattered clouds
230,Lebu,CL,-37.6167,-73.65,51.48,88,100,9.84,overcast clouds
231,Capljina,BA,43.1214,17.6844,50.02,60,0,7.94,clear sky
232,Sao Joao Da Barra,BR,-21.6403,-41.0511,65.21,41,0,20.54,clear sky
233,Saldanha,ZA,-33.0117,17.9442,59.11,75,0,11.16,clear sky
234,Lavrentiya,RU,65.5833,-171.0,33.94,99,85,6.15,overcast clouds
235,Hokitika,NZ,-42.7167,170.9667,57.79,77,87,19.55,overcast clouds
236,Tiksi,RU,71.6872,128.8694,27.52,89,100,10.49,overcast clouds
237,Port Blair,IN,11.6667,92.75,79.72,90,100,20.49,overcast clouds
238,Provideniya,RU,64.3833,-173.3,33.91,93,100,6.71,fog
239,Umm Lajj,SA,25.0213,37.2685,80.78,61,0,8.52,clear sky
240,Thinadhoo,MV,0.5333,72.9333,83.16,74,99,13.58,overcast clouds
241,Annau,TM,37.8876,58.516,70.5,53,2,1.9,clear sky
242,Grindavik,IS,63.8424,-22.4338,46.87,93,100,4.61,overcast clouds
243,Okhotsk,RU,59.3833,143.3,40.41,76,99,1.72,overcast clouds
244,Marsa Matruh,EG,31.3525,27.2453,71.92,41,5,7.87,clear sky
245,Manggar,ID,-2.8833,108.2667,84.24,72,22,4.25,few clouds
246,Pella,RU,59.7775,30.8181,44.96,95,95,3.58,overcast clouds
247,Lake Havasu City,US,34.4839,-114.3224,101.07,7,0,6.91,clear sky
248,Kalakamati,BW,-20.5929,27.3121,54.16,66,1,6.73,clear sky
249,Kangalassy,RU,62.3464,129.9628,53.53,52,44,5.14,scattered clouds
250,Tuy Hoa,VN,13.0833,109.3,81.41,82,95,2.91,overcast clouds
251,Disa,IN,24.25,72.1667,80.8,69,0,4.74,clear sky
252,Kalianget,ID,-7.05,113.9333,81.88,81,100,10.25,light rain
253,Port Lincoln,AU,-34.7333,135.8667,60.22,59,0,15.73,clear sky
254,Luderitz,NA,-26.6481,15.1594,60.85,80,87,9.13,overcast clouds
255,Rocha,UY,-34.4833,-54.3333,51.49,86,12,8.9,few clouds
256,Tomorkeny,HU,46.6172,20.0436,47.16,62,0,5.99,clear sky
257,Daru,PG,-9.0763,143.2092,82.38,76,18,9.46,few clouds
258,Nanortalik,GL,60.1432,-45.2371,35.94,85,11,5.53,few clouds
259,Kadyy,RU,57.787,43.1903,34.59,98,57,5.93,broken clouds
260,Komsomolskiy,UZ,40.4272,71.7189,61.52,82,99,9.22,overcast clouds
261,Bud,US,39.447,-86.1758,64.85,97,100,5.26,overcast clouds
262,Vila Franca Do Campo,PT,37.7167,-25.4333,64.2,92,90,20.38,light rain
263,Petinos,GR,41.1,24.9,56.62,63,0,9.6,clear sky
264,Belaya Gora,RU,68.5333,146.4167,33.98,100,100,8.93,overcast clouds
265,Sijunjung,ID,-0.6876,100.9537,76.66,69,89,1.52,overcast clouds
266,Jijiga,ET,9.35,42.8,61.03,85,96,5.86,overcast clouds
267,Yulara,AU,-25.2406,130.9889,61.75,50,100,12.17,overcast clouds
268,Ponce,PR,18.073,-66.6185,80.06,82,97,2.95,overcast clouds
269,San Isidro,PE,-12.1167,-77.05,60.39,88,0,6.91,clear sky
270,Teahupoo,PF,-17.8333,-149.2667,78.76,76,63,12.73,broken clouds
271,Cherskiy,RU,68.75,161.3,44.44,81,99,5.95,overcast clouds
272,Valparaiso,CL,-33.0393,-71.6273,55.04,82,100,3.44,overcast clouds
273,Tilichiki,RU,60.4667,166.1,35.44,82,100,5.32,overcast clouds
274,Saint Anthony,US,45.0205,-93.218,69.69,63,75,10.36,broken clouds
275,Coruripe,BR,-10.1256,-36.1756,77.02,87,8,12.01,clear sky
276,Siavonga,ZM,-16.5382,28.7088,64.17,62,10,3.36,clear sky
277,Prince Rupert,CA,54.3161,-130.3201,44.69,93,100,4.61,light rain
278,Yerbogachen,RU,61.2767,108.0108,55.35,66,54,16.4,light rain
279,That Phanom,TH,16.9364,104.7104,80.71,70,99,6.08,overcast clouds
280,Abu Kamal,SY,34.4506,40.9171,75.79,26,0,5.97,clear sky
281,Buenos Aires,AR,-34.6132,-58.3772,51.94,72,1,2.3,clear sky
282,Pinega,RU,64.7001,43.3936,31.39,94,72,3.56,broken clouds
283,Kalmar,SE,56.6616,16.3616,49.96,81,100,1.99,overcast clouds
284,Nieuw Amsterdam,SR,5.8833,-55.0833,80.02,88,95,6.13,overcast clouds
285,Ostrovnoy,RU,68.0531,39.5131,32.72,84,100,9.06,overcast clouds
286,Nara,JP,34.6851,135.8049,73.49,33,100,4.61,overcast clouds
287,Mae Hong Son,TH,19.3003,97.9685,81.14,78,100,1.1,overcast clouds
288,Kosonsoy,UZ,41.2561,71.5508,61.36,59,88,6.04,overcast clouds
289,Saint-Pierre,RE,-21.3393,55.4781,67.68,68,0,6.91,clear sky
290,Singur,IN,22.8092,88.2294,91.96,71,4,15.66,clear sky
291,Khatanga,RU,71.9667,102.5,33.12,100,100,5.61,light snow
292,Callaway,US,30.153,-85.5699,79.0,86,40,8.05,scattered clouds
293,La Asuncion,VE,11.0333,-63.8628,79.27,79,100,17.16,overcast clouds
294,Senno,RU,59.5336,33.9167,36.27,78,100,5.97,overcast clouds
295,Sun City West,US,33.662,-112.3413,99.9,10,0,4.61,clear sky
296,Dehui,CN,44.5333,125.7,72.79,29,63,15.46,broken clouds
297,Bria,CF,6.5423,21.9863,70.57,93,99,2.13,overcast clouds
298,Hobyo,SO,5.3505,48.5268,79.29,81,7,20.07,clear sky
299,Maceio,BR,-9.6658,-35.7353,78.24,83,0,9.22,clear sky
300,Acari,PE,-15.4311,-74.6158,66.54,78,86,2.44,overcast clouds
301,Beloha,MG,-25.1667,45.05,63.63,81,0,7.4,clear sky
302,Praya,CV,14.9215,-23.5087,73.33,75,100,12.84,overcast clouds
303,Yangjiang,CN,21.85,111.9667,74.5,71,100,3.85,overcast clouds
304,Wilkie,CA,52.4168,-108.7014,49.89,78,100,11.41,light rain
305,Guanica,PR,17.9716,-66.908,82.51,81,100,1.01,overcast clouds
306,Mountain Home,US,43.133,-115.6912,69.84,37,100,14.09,overcast clouds
307,Poltavka,RU,54.3663,71.7632,56.35,62,3,17.18,clear sky
308,Angoram,PG,-4.0625,144.0661,90.63,57,32,1.41,scattered clouds
309,Vanavara,RU,60.34,102.2797,55.49,60,27,13.22,scattered clouds
310,Montepuez,MZ,-13.1256,38.9997,67.23,84,100,4.97,overcast clouds
311,Sarangani,PH,5.4033,125.4636,83.05,78,59,13.58,broken clouds
312,Encruzilhada,BR,-15.5314,-40.9094,67.89,42,93,9.22,overcast clouds
313,Matara,LK,5.9485,80.5353,79.02,90,18,11.95,few clouds
314,San Policarpo,PH,12.1791,125.5072,82.31,81,98,8.23,overcast clouds
315,Katsuura,JP,35.1333,140.3,68.99,57,2,4.18,clear sky
316,Santiago,CL,-33.4569,-70.6483,60.28,62,75,12.66,haze
317,Aden,YE,12.7794,45.0367,86.88,56,63,2.93,broken clouds
318,Coffs Harbour,AU,-30.3,153.1333,64.36,48,100,12.66,overcast clouds
319,Vestmannaeyjar,IS,63.4427,-20.2734,47.25,85,91,17.18,overcast clouds
320,Ati,TD,13.2154,18.3353,85.3,43,100,7.25,overcast clouds
321,Ambon,ID,-3.6954,128.1814,86.14,70,40,2.3,scattered clouds
322,Luanda,AO,-8.8368,13.2343,72.81,90,0,6.71,clear sky
323,Blackwater,AU,-23.5833,148.8833,70.54,40,100,7.58,overcast clouds
324,Kenai,US,60.5544,-151.2583,63.03,41,0,11.5,clear sky
325,Altay,CN,47.8667,88.1167,68.47,33,1,3.62,clear sky
326,Juneau,US,58.3019,-134.4197,62.6,100,100,8.05,overcast clouds
327,Moranbah,AU,-22.0016,148.0466,69.89,48,95,17.49,overcast clouds
328,Kavieng,PG,-2.5744,150.7967,84.47,70,1,7.54,light rain
329,Alta Gracia,AR,-31.6529,-64.4283,46.89,44,0,3.42,clear sky
330,Russell,US,32.3502,-85.1999,83.8,73,0,0.0,clear sky
331,Baykalovo,RU,57.3981,63.7684,48.43,91,100,2.73,light rain
332,Nisia Floresta,BR,-6.0911,-35.2086,76.01,88,31,3.74,light rain
333,Esil,KZ,51.9556,66.4042,50.54,67,4,14.09,clear sky
334,Ingham,US,42.6,-84.3833,54.18,95,100,9.22,mist
335,Riohacha,CO,11.5444,-72.9072,82.69,71,100,11.01,overcast clouds
336,Kavaratti,IN,10.5669,72.642,82.81,81,100,15.08,overcast clouds
337,Sibolga,ID,1.7427,98.7792,80.67,72,19,1.23,few clouds
338,Bajil,YE,15.0584,43.2851,86.49,48,24,2.06,few clouds
339,Auki,SB,-8.7676,160.7034,85.03,68,14,4.85,few clouds
340,Chapais,CA,49.7834,-74.8492,40.12,82,64,3.4,broken clouds
341,Blatnica,BA,44.4864,17.8233,45.63,67,0,3.44,clear sky
342,Harbour Breton,CA,47.4833,-55.7983,43.2,94,6,10.45,clear sky
343,Pingliang,CN,35.5392,106.6861,64.53,53,65,1.63,broken clouds
344,Seydi,TM,39.4816,62.9137,72.3,25,0,14.99,clear sky
345,Barletta,IT,41.3118,16.2908,67.8,71,0,9.26,clear sky
346,Karacakoy,TR,41.4029,28.3834,57.67,72,100,15.79,overcast clouds
347,Touros,BR,-5.1989,-35.4608,78.51,86,100,7.78,overcast clouds
348,Mackay,AU,-21.15,149.2,78.67,69,56,14.41,broken clouds
349,Washington,US,47.5001,-120.5015,61.2,50,7,13.51,clear sky
350,Formosa Do Rio Preto,BR,-11.0483,-45.1931,71.2,89,52,2.86,broken clouds
351,Kyakhta,RU,50.3508,106.4494,68.45,31,7,4.47,clear sky
352,Honolulu,US,21.3069,-157.8583,78.62,78,100,11.5,overcast clouds
353,Peniche,PT,39.3558,-9.3811,59.29,90,20,12.1,few clouds
354,Smithers,CA,54.7804,-127.1743,48.65,75,100,1.43,light rain
355,Vila Velha,BR,-20.3297,-40.2925,69.75,35,0,5.75,clear sky
356,Zarcero,CR,10.1856,-84.3908,62.31,96,100,0.04,overcast clouds
357,Erzin,TR,36.9559,36.2,62.67,81,0,1.97,clear sky
358,Yinchuan,CN,38.4681,106.2731,67.95,38,7,3.33,clear sky
359,Kathu,TH,7.9178,98.3332,87.75,86,96,8.28,overcast clouds
360,Honningsvag,NO,70.9821,25.9704,35.35,69,100,12.66,overcast clouds
361,Gimli,CA,50.6336,-96.9907,47.84,85,37,4.7,scattered clouds
362,Namatanai,PG,-3.6667,152.4333,83.17,75,25,4.79,light rain
363,Aykhal,RU,66.0,111.5,38.77,98,100,2.84,moderate rain
364,Fuyu,CN,45.1833,124.8167,72.25,27,25,12.19,scattered clouds
365,Lucapa,AO,-8.4192,20.7447,68.04,65,4,3.51,clear sky
366,Jinchang,CN,38.4953,102.1739,70.56,14,32,2.86,scattered clouds
367,Oleksandrivka,UA,48.9634,32.2349,42.6,93,13,11.3,few clouds
368,Richards Bay,ZA,-28.783,32.0377,66.67,83,5,12.17,clear sky
369,Nelson Bay,AU,-32.7167,152.15,60.12,60,86,1.99,overcast clouds
370,Dali,CN,25.7,100.1833,64.62,73,87,4.72,overcast clouds
371,Pundaguitan,PH,6.3711,126.1689,82.67,77,85,9.82,overcast clouds
372,Warwick,US,41.7001,-71.4162,61.72,55,100,4.47,overcast clouds
373,Portoferraio,IT,42.8115,10.3146,73.11,63,0,10.2,clear sky
374,Port Hardy,CA,50.6996,-127.4199,46.85,81,64,14.25,light rain
375,Dakar,SN,14.6937,-17.4441,76.08,77,100,9.01,overcast clouds
376,Awjilah,LY,29.1081,21.2869,67.96,58,0,12.91,clear sky
377,Lincoln,US,40.8,-96.667,79.9,76,0,6.91,clear sky
378,Koubia,GN,11.5833,-11.9,74.59,46,77,4.07,broken clouds
379,Todos Santos,MX,23.45,-110.2167,65.44,83,66,6.26,broken clouds
380,Broome,US,42.2506,-75.833,58.01,68,40,4.61,scattered clouds
381,Zemio,CF,5.0314,25.1361,67.39,96,74,0.54,broken clouds
382,Quirinopolis,BR,-18.4483,-50.4517,49.44,64,70,3.83,broken clouds
383,Gornozavodsk,RU,58.3758,58.3211,39.47,95,100,6.82,overcast clouds
384,Mount Gambier,AU,-37.8333,140.7667,57.49,62,87,4.18,overcast clouds
385,Koslan,RU,63.4564,48.8989,31.98,78,80,2.59,broken clouds
386,Alugan,PH,12.2188,125.4808,82.44,81,100,8.16,overcast clouds
387,Ketchikan,US,55.3422,-131.6461,48.67,93,100,11.5,light rain
388,Kamaishi,JP,39.2667,141.8833,66.34,49,21,8.77,few clouds
389,Ankang,CN,32.68,109.0172,65.19,86,100,0.78,overcast clouds
390,Hambantota,LK,6.1241,81.1185,80.1,82,10,17.27,clear sky
391,Kameda,JP,37.8667,139.1167,81.91,40,8,4.59,clear sky
392,Dawlatabad,AF,36.4141,64.9053,73.27,36,1,2.75,clear sky
393,Carutapera,BR,-1.195,-46.02,77.63,90,100,3.47,overcast clouds
394,Emba,KZ,48.8264,58.1442,49.33,65,68,9.1,broken clouds
395,Bonthe,SL,7.5264,-12.505,79.57,86,100,6.38,overcast clouds
396,Batouri,CM,4.4333,14.3667,69.87,98,100,0.54,overcast clouds
397,Abeokuta,NG,7.15,3.35,76.87,94,88,4.34,overcast clouds
398,Margate,GB,51.3813,1.3862,59.88,87,100,1.99,light rain
399,Segezha,RU,63.7415,34.3222,30.58,90,36,7.43,scattered clouds
400,Marevo,RU,57.3146,32.0804,39.18,85,61,7.36,broken clouds
401,Kharan,PK,28.5833,65.4167,82.9,9,0,4.9,clear sky
402,Myitkyina,MM,25.3833,97.4,73.0,93,64,3.27,broken clouds
403,Bathsheba,BB,13.2167,-59.5167,81.21,78,40,14.97,scattered clouds
404,Launceston,AU,-41.45,147.1667,56.8,71,81,10.36,broken clouds
405,Reconquista,AR,-29.15,-59.65,46.13,79,0,3.53,clear sky
406,Rio Grande,BR,-32.035,-52.0986,54.95,71,52,17.4,broken clouds
407,Sinnamary,GF,5.3833,-52.95,78.3,85,99,7.74,overcast clouds
408,Iralaya,HN,15.0,-83.2333,80.04,84,100,11.12,overcast clouds
409,Sabang,ID,5.8933,95.3214,83.26,74,96,15.64,overcast clouds
410,Bluefields,NI,12.0137,-83.7635,78.19,87,100,6.46,overcast clouds
411,Pisco,PE,-13.7,-76.2167,64.02,88,45,11.5,mist
412,Erdaojiang,CN,41.7764,126.0319,69.13,45,94,9.22,overcast clouds
413,Sobolevo,RU,54.4299,31.8996,39.54,91,16,7.05,few clouds
414,Nishihara,JP,26.1842,127.7558,78.46,65,75,17.27,broken clouds
415,Linjiang,CN,41.8069,126.9078,68.86,42,10,5.37,clear sky
416,Puerto Escondido,MX,15.85,-97.0667,84.04,64,77,6.44,broken clouds
417,Voh,NC,-20.9667,164.7,84.74,59,46,4.45,scattered clouds
418,Srednekolymsk,RU,67.45,153.6833,48.34,51,36,7.85,scattered clouds
419,Buala,SB,-8.145,159.5921,85.68,67,22,1.7,few clouds
420,Gidrotorf,RU,56.4744,43.5414,42.78,97,44,8.95,scattered clouds
421,Antalaha,MG,-14.9003,50.2788,70.36,88,62,7.92,light rain
422,Cidreira,BR,-30.1811,-50.2056,59.05,78,87,17.6,overcast clouds
423,Hue,VN,16.4667,107.6,77.11,88,75,4.61,broken clouds
424,Bubaque,GW,11.2833,-15.8333,78.6,84,4,12.17,clear sky
425,Honiara,SB,-9.4333,159.95,87.28,63,19,4.05,few clouds
426,Pringsewu,ID,-5.3582,104.9744,79.34,88,93,4.25,overcast clouds
427,Ambulu,ID,-8.345,113.6058,80.8,82,96,2.48,overcast clouds
428,Shenjiamen,CN,29.9576,122.298,66.07,79,100,9.08,overcast clouds
429,Bull Savanna,JM,17.8868,-77.5902,76.44,88,72,8.79,broken clouds
430,Beira,MZ,-19.8436,34.8389,68.54,90,4,4.34,clear sky
431,Cervo,ES,43.6702,-7.4101,56.97,85,100,1.61,overcast clouds
432,Riacho De Santana,BR,-13.6092,-42.9389,73.24,38,95,7.05,overcast clouds
433,Santa Fe,AR,-31.6333,-60.7,52.02,74,0,1.99,light rain
434,Libenge,CD,3.65,18.6333,68.63,94,100,1.59,overcast clouds
435,Bintulu,MY,3.1667,113.0333,81.61,81,94,4.03,overcast clouds
436,Yubari,JP,43.0378,141.9578,55.92,53,100,9.69,light rain
437,Lieksa,FI,63.3167,30.0167,31.71,83,1,5.5,clear sky
438,Januaria,BR,-15.4833,-44.3667,61.68,34,32,7.96,scattered clouds
439,Camacha,PT,33.0833,-16.3333,63.82,88,40,6.91,scattered clouds
440,Lazaro Cardenas,MX,17.9583,-102.2,81.37,53,20,9.35,few clouds
441,Hofn,IS,64.2539,-15.2082,45.82,92,63,4.74,broken clouds
442,Wajima,JP,37.4,136.9,67.23,52,69,17.9,broken clouds
443,Batamshinskiy,KZ,50.5594,58.2747,43.99,83,81,15.86,broken clouds
444,Sao Jose Da Coroa Grande,BR,-8.8978,-35.1478,77.86,86,100,9.06,overcast clouds
445,Paranaiba,BR,-19.6772,-51.1908,50.58,66,79,8.48,broken clouds
446,Omboue,GA,-1.5746,9.2618,77.95,83,100,10.09,overcast clouds
447,Saint-Francois,FR,46.4154,3.9054,66.67,77,100,3.44,overcast clouds
448,Nuevo Ideal,MX,24.8875,-105.0728,78.82,19,100,16.69,overcast clouds
449,Jedrzejow,PL,50.6394,20.3045,44.37,78,11,5.17,few clouds
450,Groa,NO,62.65,8.7167,46.26,92,45,7.07,scattered clouds
451,Sorong,ID,-0.8833,131.25,82.89,75,90,4.81,overcast clouds
452,Krasnogorskoye,RU,52.2953,86.1979,65.5,55,37,4.9,scattered clouds
453,Sterling,US,39.0062,-77.4286,68.41,65,75,5.99,broken clouds
454,Monte Alegre De Minas,BR,-18.8706,-48.8808,46.35,71,11,5.37,few clouds
455,Antofagasta,CL,-23.65,-70.4,60.08,83,17,6.08,few clouds
456,Nizwa,OM,22.9333,57.5333,81.16,23,0,1.3,clear sky
457,Sao Filipe,CV,14.8961,-24.4956,76.69,67,99,6.22,overcast clouds
458,Pangnirtung,CA,66.1451,-65.7125,27.14,83,100,4.47,overcast clouds
459,Olafsvik,IS,64.8945,-23.7142,43.92,93,100,13.67,overcast clouds
460,Chulman,RU,56.8479,124.9104,42.58,74,51,3.78,broken clouds
461,Hvittingfoss,NO,59.4833,10.0167,51.12,60,100,1.01,overcast clouds
462,Ferkessedougou,CI,9.6,-5.2,75.6,80,98,5.84,overcast clouds
463,Zulueta,ES,42.7451,-1.5793,60.67,85,20,3.44,few clouds
464,Codrington,AU,-38.2667,141.9667,56.71,56,99,8.84,overcast clouds
465,Kemijarvi,FI,66.7131,27.4306,30.13,90,10,4.85,clear sky
466,Naryan-Mar,RU,67.6713,53.087,27.86,89,92,3.02,overcast clouds
467,Cherdyn,RU,60.403,56.4787,33.84,98,100,6.06,overcast clouds
468,Zhuanghe,CN,39.7008,122.9911,65.25,63,100,7.94,overcast clouds
469,Nizhnyaya Tavda,RU,57.6731,66.1725,49.55,82,100,8.3,overcast clouds
470,Abu Dhabi,AE,24.4667,54.3667,80.96,81,0,8.05,haze
471,Awassa,ET,7.05,38.4667,60.96,90,100,1.21,light rain
472,Lianran,CN,24.9227,102.485,65.88,76,68,3.8,broken clouds
473,Elizabeth City,US,36.2946,-76.2511,68.02,74,0,8.05,clear sky
474,Vardo,NO,70.3705,31.1107,33.78,75,100,23.02,overcast clouds
475,Tarimoro,MX,20.2833,-100.75,81.63,21,97,0.74,overcast clouds
476,Rosetta,EG,31.4044,30.4164,67.03,71,0,7.56,clear sky
477,Yenangyaung,MM,20.4667,94.8833,86.18,65,16,6.53,few clouds
478,Imeni Stepana Razina,RU,54.8932,44.2963,38.07,94,93,10.83,overcast clouds
479,Plettenberg Bay,ZA,-34.0527,23.3716,63.21,81,100,4.56,overcast clouds
480,Nordborg,DK,55.0573,9.7408,58.86,100,100,1.14,fog
481,Katherine,AU,-14.4667,132.2667,82.72,39,0,6.91,clear sky
482,Mahon,ES,39.8885,4.2658,66.76,94,75,5.75,broken clouds
483,Maraa,BR,-1.8333,-65.3667,70.86,99,100,1.3,light rain
484,Kosmynino,RU,57.5818,40.7643,42.28,97,100,8.3,overcast clouds
485,Karaton,ID,-6.3424,106.1045,79.45,80,54,1.05,broken clouds
486,Bealanana,MG,-14.55,48.7333,53.24,98,47,4.38,scattered clouds
487,Maragogi,BR,-9.0122,-35.2225,77.09,88,100,8.14,overcast clouds
488,Anadyr,RU,64.75,177.4833,41.5,87,40,11.18,light rain
489,Mao,ES,39.8885,4.2658,66.76,94,75,5.75,broken clouds
490,Popondetta,PG,-8.7537,148.2534,82.49,81,11,2.64,few clouds
491,Lahij,YE,13.1667,44.5833,83.05,38,15,4.94,few clouds
492,Tessalit,ML,20.1986,1.0114,88.12,10,99,15.66,overcast clouds
493,Ilhabela,BR,-23.7781,-45.3581,57.56,69,4,13.62,clear sky
494,Kindu,CD,-2.95,25.95,69.01,96,77,1.41,broken clouds
495,Kawalu,ID,-7.3817,108.2082,78.82,78,78,0.31,broken clouds
496,Mayumba,GA,-3.432,10.6554,78.12,85,100,8.93,overcast clouds
497,Bene Ayish,IL,31.7833,34.75,69.24,86,0,1.5,clear sky
498,Maniitsoq,GL,65.4167,-52.9,36.48,66,0,2.82,clear sky
499,Manta,EC,-0.95,-80.7333,76.78,83,75,8.05,broken clouds
500,Batagay-Alyta,RU,67.8006,130.4114,31.87,98,100,3.51,overcast clouds
501,Bambous Virieux,MU,-20.3428,57.7575,73.65,73,20,8.05,few clouds
502,Nouakchott,MR,18.0858,-15.9785,75.13,54,93,12.91,overcast clouds
503,Jasper,US,37.2001,-94.3502,82.54,72,40,5.75,scattered clouds
504,Simbahan,PH,6.3032,120.5836,82.65,74,22,4.99,few clouds
505,Yaan,NG,7.3833,8.5667,76.8,84,100,7.23,overcast clouds
506,Grootfontein,NA,-19.5667,18.1167,52.38,51,0,2.37,clear sky
507,Balingasay,PH,16.3573,119.8564,82.98,73,97,11.92,overcast clouds
508,Buckeye,US,33.3703,-112.5838,102.11,9,0,0.0,clear sky
509,Mecca,SA,21.4267,39.8261,85.19,27,0,2.13,clear sky
510,Manzhouli,CN,49.6,117.4333,67.78,27,22,10.45,few clouds
511,Tavricheskoye,RU,54.5851,73.6395,53.51,80,60,9.8,broken clouds
512,Kijang,KR,35.2442,129.2139,73.02,35,100,10.8,overcast clouds
513,Lishui,CN,28.4604,119.9103,68.41,61,100,2.75,overcast clouds
514,Ballina,AU,-28.8667,153.5667,66.78,71,100,10.58,overcast clouds
515,Liverpool,GB,53.4106,-2.9779,54.61,86,75,10.36,broken clouds
516,Kapit,MY,2.0167,112.9333,81.91,80,57,2.39,broken clouds
517,Neckargemund,DE,49.3922,8.7942,69.42,83,94,5.46,overcast clouds
518,Webster,US,42.0501,-71.8801,60.67,54,100,3.47,overcast clouds
519,Timbiqui,CO,2.7717,-77.6654,75.27,95,100,4.81,moderate rain
520,Khorramshahr,IR,30.4397,48.1664,84.15,15,4,10.63,clear sky
521,Guerrero Negro,MX,27.9769,-114.0611,63.5,67,0,17.09,clear sky
522,Guhagar,IN,17.4842,73.1929,81.05,81,100,5.39,overcast clouds
523,Tautira,PF,-17.7333,-149.15,79.68,77,55,12.12,light rain
524,Nome,US,64.5011,-165.4064,41.16,86,100,8.05,mist
525,Dicabisagan,PH,17.0818,122.4157,81.59,82,96,10.8,overcast clouds
526,Constantine,DZ,36.365,6.6147,62.01,82,0,3.44,clear sky
527,Pacifica,US,37.6138,-122.4869,82.24,64,20,26.46,haze
528,Pandan,PH,14.0453,124.1694,84.0,73,100,9.48,overcast clouds
529,Porto-Vecchio,FR,41.591,9.2795,67.53,82,0,4.61,clear sky
530,Uyuni,BO,-20.4597,-66.825,43.02,20,41,10.65,scattered clouds
531,Panzhihua,CN,26.5851,101.7128,71.22,74,100,2.66,overcast clouds
532,Rantauprapat,ID,2.1,99.8333,77.14,88,63,1.1,broken clouds
533,Kieta,PG,-6.2167,155.6333,86.58,64,44,4.94,scattered clouds
534,Sunbury,AU,-37.5833,144.7333,56.44,70,75,12.66,broken clouds
535,Grand Gaube,MU,-20.0064,57.6608,73.8,74,9,3.0,clear sky
536,Churapcha,RU,62.0025,132.4325,47.61,65,89,6.51,light rain
537,Zhiryatino,RU,53.2228,33.7306,43.12,89,5,6.76,clear sky
538,Greenwood,US,34.1668,-82.1165,75.36,63,0,0.0,clear sky
539,Iquitos,PE,-3.7481,-73.2472,69.84,94,100,2.3,light rain
540,Lucea,JM,18.451,-78.1736,79.86,80,100,0.07,overcast clouds
541,Svetlyy,RU,54.675,20.1347,42.85,75,98,9.57,overcast clouds
542,Laguna,US,38.421,-121.4238,99.05,15,0,18.41,clear sky
543,Namibe,AO,-15.1961,12.1522,68.95,76,0,9.48,clear sky
